Vorname_Nachname;Nachname;Vorname;Geschlecht;Fraktion
Jens Ackermann;Ackermann;Jens;m;FDP
Christian Ahrendt;Ahrendt;Christian;m;FDP
Ilse Aigner;Aigner;Ilse;f;CDU/CSU
Jan van Aken;van Aken;Jan;m;DIE LINKE
Agnes Alpers;Alpers;Agnes;f;DIE LINKE
Peter Altmaier;Altmaier;Peter;m;CDU/CSU
Kerstin Andreae;Andreae;Kerstin;f;BÜNDNIS 90/DIE GRÜNEN
Ingrid Arndt-Brauer;Arndt-Brauer;Ingrid;f;SPD
Rainer Arnold;Arnold;Rainer;m;SPD
Christine Aschenberg-Dugnus;Aschenberg-Dugnus;Christine;f;FDP
Peter Aumer;Aumer;Peter;m;CDU/CSU
Daniel Bahr;Bahr;Daniel;m;FDP
Dorothee Bär;Bär;Dorothee;f;CDU/CSU
Heinz-Joachim Barchmann;Barchmann;Heinz-Joachim;m;SPD
Thomas Bareiß;Bareiß;Thomas;m;CDU/CSU
Doris Barnett;Barnett;Doris;f;SPD
Hans-Peter Bartels;Bartels;Hans-Peter;m;SPD
Klaus Barthel;Barthel;Klaus;m;SPD
Norbert Barthle;Barthle;Norbert;m;CDU/CSU
Sören Bartol;Bartol;Sören;m;SPD
Dietmar Bartsch;Bartsch;Dietmar;m;DIE LINKE
Bärbel Bas;Bas;Bärbel;f;SPD
Sabine Bätzing-Lichtenthäler;Bätzing-Lichtenthäler;Sabine;f;SPD
Günter Baumann;Baumann;Günter;m;CDU/CSU
Ernst-Reinhard Beck;Beck;Ernst-Reinhard;m;CDU/CSU
Marieluise Beck;Beck;Marieluise;f;BÜNDNIS 90/DIE GRÜNEN
Volker Beck;Beck;Volker;m;BÜNDNIS 90/DIE GRÜNEN
Dirk Becker;Becker;Dirk;m;SPD
Uwe Beckmeyer;Beckmeyer;Uwe;m;SPD
Cornelia Behm;Behm;Cornelia;f;BÜNDNIS 90/DIE GRÜNEN
Herbert Behrens;Behrens;Herbert;m;DIE LINKE
Manfred Behrens;Behrens;Manfred;m;CDU/CSU
Veronika Bellmann;Bellmann;Veronika;f;CDU/CSU
Birgitt Bender;Bender;Birgitt;f;BÜNDNIS 90/DIE GRÜNEN
Christoph Bergner;Bergner;Christoph;m;CDU/CSU
Florian Bernschneider;Bernschneider;Florian;m;FDP
Peter Beyer;Beyer;Peter;m;CDU/CSU
Steffen Bilger;Bilger;Steffen;m;CDU/CSU
Karin Binder;Binder;Karin;f;DIE LINKE
Lothar Binding;Binding;Lothar;m;SPD
Clemens Binninger;Binninger;Clemens;m;CDU/CSU
Matthias W. Birkwald;Birkwald;Matthias W.;m;DIE LINKE
Peter Bleser;Bleser;Peter;m;CDU/CSU
Heidrun Bluhm;Bluhm;Heidrun;f;DIE LINKE
Sebastian Blumenthal;Blumenthal;Sebastian;m;FDP
Steffen Bockhahn;Bockhahn;Steffen;m;DIE LINKE
Claudia Bögel;Bögel;Claudia;f;FDP
Maria Böhmer;Böhmer;Maria;f;CDU/CSU
Gerd Bollmann;Bollmann;Gerd;m;SPD
Alexander Bonde;Bonde;Alexander;m;BÜNDNIS 90/DIE GRÜNEN
Wolfgang Börnsen;Börnsen;Wolfgang;m;CDU/CSU
Wolfgang Bosbach;Bosbach;Wolfgang;m;CDU/CSU
Nicole Bracht-Bendt;Bracht-Bendt;Nicole;f;FDP
Norbert Brackmann;Brackmann;Norbert;m;CDU/CSU
Klaus Brähmig;Brähmig;Klaus;m;CDU/CSU
Michael Brand;Brand;Michael;m;CDU/CSU
Reinhard Brandl;Brandl;Reinhard;m;CDU/CSU
Klaus Brandner;Brandner;Klaus;m;SPD
Helmut Brandt;Brandt;Helmut;m;CDU/CSU
Willi Brase;Brase;Willi;m;SPD
Ralf Brauksiepe;Brauksiepe;Ralf;m;CDU/CSU
Helge Braun;Braun;Helge;f;CDU/CSU
Heike Brehmer;Brehmer;Heike;f;CDU/CSU
Klaus Breil;Breil;Klaus;m;FDP
Ralph Brinkhaus;Brinkhaus;Ralph;m;CDU/CSU
Bernhard Brinkmann;Brinkmann;Bernhard;m;SPD
Rainer Brüderle;Brüderle;Rainer;m;FDP
Agnes Brugger;Brugger;Agnes;f;BÜNDNIS 90/DIE GRÜNEN
Angelika Brunkhorst;Brunkhorst;Angelika;f;FDP
Christine Buchholz;Buchholz;Christine;f;DIE LINKE
Eva Bulling-Schröter;Bulling-Schröter;Eva;f;DIE LINKE
Edelgard Bulmahn;Bulmahn;Edelgard;f;SPD
Marco Bülow;Bülow;Marco;m;SPD
Martina Bunge;Bunge;Martina;f;DIE LINKE
Ulla Burchardt;Burchardt;Ulla;f;SPD
Ernst Burgbacher;Burgbacher;Ernst;m;FDP
Martin Burkert;Burkert;Martin;m;SPD
Marco Buschmann;Buschmann;Marco;m;FDP
Cajus Caesar;Caesar;Cajus;m;CDU/CSU
Sylvia Canel;Canel;Sylvia;f;FDP
Roland Claus;Claus;Roland;m;DIE LINKE
Gitta Connemann;Connemann;Gitta;f;CDU/CSU
Viola von Cramon-Taubadel;von Cramon-Taubadel;Viola;f;BÜNDNIS 90/DIE GRÜNEN
Petra Crone;Crone;Petra;f;SPD
Peter Danckert;Danckert;Peter;m;SPD
Helga Daub;Daub;Helga;f;FDP
Leo Dautzenberg;Dautzenberg;Leo;m;CDU/CSU
Sevim Dağdelen;Dağdelen;Sevim;f;DIE LINKE
Diether Dehm;Dehm;Diether;m;DIE LINKE
Ekin Deligöz;Deligöz;Ekin;f;BÜNDNIS 90/DIE GRÜNEN
Reiner Deutschmann;Deutschmann;Reiner;m;FDP
Heidrun Dittrich;Dittrich;Heidrun;f;DIE LINKE
Bijan Djir-Sarai;Djir-Sarai;Bijan;m;FDP
Alexander Dobrindt;Dobrindt;Alexander;m;CDU/CSU
Thomas Dörflinger;Dörflinger;Thomas;m;CDU/CSU
Patrick Döring;Döring;Patrick;m;FDP
Martin Dörmann;Dörmann;Martin;m;SPD
Katja Dörner;Dörner;Katja;f;BÜNDNIS 90/DIE GRÜNEN
Marie-Luise Dött;Dött;Marie-Luise;f;CDU/CSU
Werner Dreibus;Dreibus;Werner;m;DIE LINKE
Gerhard Drexler;Drexler;Gerhard;m;FDP
Elvira Drobinski-Weiß;Drobinski-Weiß;Elvira;f;SPD
Garrelt Duin;Duin;Garrelt;m;SPD
Mechthild Dyckmans;Dyckmans;Mechthild;f;FDP
Harald Ebner;Ebner;Harald;m;BÜNDNIS 90/DIE GRÜNEN
Sebastian Edathy;Edathy;Sebastian;m;SPD
Ingo Egloff;Egloff;Ingo;m;SPD
Hans-Werner Ehrenberg;Ehrenberg;Hans-Werner;m;FDP
Siegmund Ehrmann;Ehrmann;Siegmund;m;SPD
Dagmar Enkelmann;Enkelmann;Dagmar;f;DIE LINKE
Rainer Erdel;Erdel;Rainer;m;FDP
Gernot Erler;Erler;Gernot;m;SPD
Klaus Ernst;Ernst;Klaus;m;DIE LINKE
Petra Ernstberger;Ernstberger;Petra;f;SPD
Jörg van Essen;van Essen;Jörg;m;FDP
Karin Evers-Meyer;Evers-Meyer;Karin;f;SPD
Thomas Feist;Feist;Thomas;m;CDU/CSU
Hans-Josef Fell;Fell;Hans-Josef;m;BÜNDNIS 90/DIE GRÜNEN
Enak Ferlemann;Ferlemann;Enak;m;CDU/CSU
Elke Ferner;Ferner;Elke;f;SPD
Ingrid Fischbach;Fischbach;Ingrid;f;CDU/CSU
Axel E. Fischer;Fischer;Axel E.;m;CDU/CSU
Dirk Fischer;Fischer;Dirk;m;CDU/CSU
Hartwig Fischer;Fischer;Hartwig;m;CDU/CSU
Ulrike Flach;Flach;Ulrike;f;FDP
Maria Flachsbarth;Flachsbarth;Maria;f;CDU/CSU
Klaus-Peter Flosbach;Flosbach;Klaus-Peter;m;CDU/CSU
Gabriele Fograscher;Fograscher;Gabriele;f;SPD
Edgar Franke;Franke;Edgar;m;SPD
Herbert Frankenhauser;Frankenhauser;Herbert;m;CDU/CSU
Dagmar Freitag;Freitag;Dagmar;f;SPD
Otto Fricke;Fricke;Otto;m;FDP
Paul K. Friedhoff;Friedhoff;Paul K.;m;FDP
Hans-Peter Friedrich;Friedrich;Hans-Peter;m;CDU/CSU
Peter Friedrich;Friedrich;Peter;m;SPD
Michael Frieser;Frieser;Michael;m;CDU/CSU
Erich G. Fritz;Fritz;Erich G.;m;CDU/CSU
Michael Fuchs;Fuchs;Michael;m;CDU/CSU
Hans-Joachim Fuchtel;Fuchtel;Hans-Joachim;m;CDU/CSU
Alexander Funk;Funk;Alexander;m;CDU/CSU
Sigmar Gabriel;Gabriel;Sigmar;m;SPD
Ingo Gädechens;Gädechens;Ingo;m;CDU/CSU
Thomas Gambke;Gambke;Thomas;m;BÜNDNIS 90/DIE GRÜNEN
Peter Gauweiler;Gauweiler;Peter;m;CDU/CSU
Thomas Gebhart;Gebhart;Thomas;m;CDU/CSU
Wolfgang Gehrcke;Gehrcke;Wolfgang;m;DIE LINKE
Kai Gehring;Gehring;Kai;m;BÜNDNIS 90/DIE GRÜNEN
Norbert Geis;Geis;Norbert;m;CDU/CSU
Edmund Peter Geisen;Geisen;Edmund Peter;m;FDP
Michael Gerdes;Gerdes;Michael;m;SPD
Wolfgang Gerhardt;Gerhardt;Wolfgang;m;FDP
Alois Gerig;Gerig;Alois;m;CDU/CSU
Martin Gerster;Gerster;Martin;m;SPD
Eberhard Gienger;Gienger;Eberhard;m;CDU/CSU
Iris Gleicke;Gleicke;Iris;f;SPD
Michael Glos;Glos;Michael;m;CDU/CSU
Günter Gloser;Gloser;Günter;m;SPD
Nicole Gohlke;Gohlke;Nicole;f;DIE LINKE
Hans-Michael Goldmann;Goldmann;Hans-Michael;m;FDP
Heinz Golombeck;Golombeck;Heinz;m;FDP
Diana Golze;Golze;Diana;f;DIE LINKE
Josef Göppel;Göppel;Josef;m;CDU/CSU
Katrin Göring-Eckardt;Göring-Eckardt;Katrin;f;BÜNDNIS 90/DIE GRÜNEN
Ulrike Gottschalck;Gottschalck;Ulrike;f;SPD
Peter Götz;Götz;Peter;m;CDU/CSU
Wolfgang Götzer;Götzer;Wolfgang;m;CDU/CSU
Angelika Graf;Graf;Angelika;f;SPD
Ute Granold;Granold;Ute;f;CDU/CSU
Kerstin Griese;Griese;Kerstin;f;SPD
Reinhard Grindel;Grindel;Reinhard;m;CDU/CSU
Hermann Gröhe;Gröhe;Hermann;m;CDU/CSU
Gabriele Groneberg;Groneberg;Gabriele;f;SPD
Michael Groschek;Groschek;Michael;m;SPD
Michael Peter Groß;Groß;Michael Peter;m;SPD
Michael Grosse-Brömer;Grosse-Brömer;Michael;m;CDU/CSU
Astrid Grotelüschen;Grotelüschen;Astrid;f;CDU/CSU
Annette Groth;Groth;Annette;f;DIE LINKE
Markus Grübel;Grübel;Markus;m;CDU/CSU
Manfred Grund;Grund;Manfred;m;CDU/CSU
Miriam Gruß;Gruß;Miriam;f;FDP
Monika Grütters;Grütters;Monika;f;CDU/CSU
Wolfgang Gunkel;Gunkel;Wolfgang;m;SPD
Joachim Günther;Günther;Joachim;m;FDP
Karl-Theodor Freiherr zu Guttenberg;Freiherr zu Guttenberg;Karl-Theodor;m;CDU/CSU
Olav Gutting;Gutting;Olav;m;CDU/CSU
Gregor Gysi;Gysi;Gregor;m;DIE LINKE
Hans-Joachim Hacker;Hacker;Hans-Joachim;m;SPD
Bettina Hagedorn;Hagedorn;Bettina;f;SPD
Klaus Hagemann;Hagemann;Klaus;m;SPD
Florian Hahn;Hahn;Florian;m;CDU/CSU
Holger Haibach;Haibach;Holger;m;CDU/CSU
Heike Hänsel;Hänsel;Heike;f;DIE LINKE
Christel Happach-Kasan;Happach-Kasan;Christel;f;FDP
Stephan Harbarth;Harbarth;Stephan;m;CDU/CSU
Jürgen Hardt;Hardt;Jürgen;m;CDU/CSU
Michael Hartmann;Hartmann;Michael;m;SPD
Gerda Hasselfeldt;Hasselfeldt;Gerda;f;CDU/CSU
Britta Haßelmann;Haßelmann;Britta;f;BÜNDNIS 90/DIE GRÜNEN
Heinz-Peter Haustein;Haustein;Heinz-Peter;m;FDP
Matthias Heider;Heider;Matthias;m;CDU/CSU
Helmut Heiderich;Heiderich;Helmut;m;CDU/CSU
Hubertus Heil;Heil;Hubertus;m;SPD
Mechthild Heil;Heil;Mechthild;f;CDU/CSU
Rosemarie Hein;Hein;Rosemarie;f;DIE LINKE
Ursula Heinen-Esser;Heinen-Esser;Ursula;f;CDU/CSU
Frank Heinrich;Heinrich;Frank;m;CDU/CSU
Wolfgang Hellmich;Hellmich;Wolfgang;m;SPD
Rolf Hempelmann;Hempelmann;Rolf;m;SPD
Barbara Hendricks;Hendricks;Barbara;f;SPD
Rudolf Henke;Henke;Rudolf;m;CDU/CSU
Michael Hennrich;Hennrich;Michael;m;CDU/CSU
Bettina Herlitzius;Herlitzius;Bettina;f;BÜNDNIS 90/DIE GRÜNEN
Winfried Hermann;Hermann;Winfried;m;BÜNDNIS 90/DIE GRÜNEN
Jürgen Herrmann;Herrmann;Jürgen;m;CDU/CSU
Gustav Herzog;Herzog;Gustav;m;SPD
Ansgar Heveling;Heveling;Ansgar;m;CDU/CSU
Gabriele Hiller-Ohm;Hiller-Ohm;Gabriele;f;SPD
Ernst Hinsken;Hinsken;Ernst;m;CDU/CSU
Peter Hintze;Hintze;Peter;m;CDU/CSU
Petra Hinz;Hinz;Petra;f;SPD
Priska Hinz;Hinz;Priska;f;BÜNDNIS 90/DIE GRÜNEN
Christian Hirte;Hirte;Christian;m;CDU/CSU
Robert Hochbaum;Hochbaum;Robert;m;CDU/CSU
Manuel Höferlin;Höferlin;Manuel;m;FDP
Elke Hoff;Hoff;Elke;f;FDP
Ulrike Höfken;Höfken;Ulrike;f;BÜNDNIS 90/DIE GRÜNEN
Frank Hofmann;Hofmann;Frank;m;SPD
Anton Hofreiter;Hofreiter;Anton;m;BÜNDNIS 90/DIE GRÜNEN
Inge Höger;Höger;Inge;f;DIE LINKE
Eva Högl;Högl;Eva;f;SPD
Bärbel Höhn;Höhn;Bärbel;f;BÜNDNIS 90/DIE GRÜNEN
Barbara Höll;Höll;Barbara;f;DIE LINKE
Karl Holmeier;Holmeier;Karl;m;CDU/CSU
Franz-Josef Holzenkamp;Holzenkamp;Franz-Josef;m;CDU/CSU
Birgit Homburger;Homburger;Birgit;f;FDP
Ingrid Hönlinger;Hönlinger;Ingrid;f;BÜNDNIS 90/DIE GRÜNEN
Thilo Hoppe;Hoppe;Thilo;m;BÜNDNIS 90/DIE GRÜNEN
Joachim Hörster;Hörster;Joachim;m;CDU/CSU
Werner Hoyer;Hoyer;Werner;m;FDP
Anette Hübinger;Hübinger;Anette;f;CDU/CSU
Christel Humme;Humme;Christel;f;SPD
Andrej Hunko;Hunko;Andrej;m;DIE LINKE
Hubert Hüppe;Hüppe;Hubert;m;CDU/CSU
Thomas Jarzombek;Jarzombek;Thomas;m;CDU/CSU
Dieter Jasper;Jasper;Dieter;m;CDU/CSU
Ulla Jelpke;Jelpke;Ulla;f;DIE LINKE
Lukrezia Jochimsen;Jochimsen;Lukrezia;f;DIE LINKE
Andreas Jung;Jung;Andreas;m;CDU/CSU
Franz Josef Jung;Jung;Franz Josef;m;CDU/CSU
Josip Juratovic;Juratovic;Josip;m;SPD
Egon Jüttner;Jüttner;Egon;m;CDU/CSU
Oliver Kaczmarek;Kaczmarek;Oliver;m;SPD
Johannes Kahrs;Kahrs;Johannes;m;SPD
Bartholomäus Kalb;Kalb;Bartholomäus;m;CDU/CSU
Hans-Werner Kammer;Kammer;Hans-Werner;m;CDU/CSU
Heiner Kamp;Kamp;Heiner;m;FDP
Steffen Kampeter;Kampeter;Steffen;m;CDU/CSU
Alois Karl;Karl;Alois;m;CDU/CSU
Bernhard Kaster;Kaster;Bernhard;m;CDU/CSU
Susanne Kastner;Kastner;Susanne;f;SPD
Michael Kauch;Kauch;Michael;m;FDP
Siegfried Kauder;Kauder;Siegfried;m;CDU/CSU
Volker Kauder;Kauder;Volker;m;CDU/CSU
Stefan Kaufmann;Kaufmann;Stefan;m;CDU/CSU
Uwe Kekeritz;Kekeritz;Uwe;m;BÜNDNIS 90/DIE GRÜNEN
Ulrich Kelber;Kelber;Ulrich;m;SPD
Katja Keul;Keul;Katja;f;BÜNDNIS 90/DIE GRÜNEN
Susanne Kieckbusch;Kieckbusch;Susanne;f;BÜNDNIS 90/DIE GRÜNEN
Roderich Kiesewetter;Kiesewetter;Roderich;m;CDU/CSU
Memet Kilic;Kilic;Memet;m;BÜNDNIS 90/DIE GRÜNEN
Sven-Christian Kindler;Kindler;Sven-Christian;m;BÜNDNIS 90/DIE GRÜNEN
Katja Kipping;Kipping;Katja;f;DIE LINKE
Eckart von Klaeden;von Klaeden;Eckart;m;CDU/CSU
Ewa Klamt;Klamt;Ewa;f;CDU/CSU
Volkmar Klein;Klein;Volkmar;m;CDU/CSU
Maria Klein-Schmeink;Klein-Schmeink;Maria;f;BÜNDNIS 90/DIE GRÜNEN
Jürgen Klimke;Klimke;Jürgen;m;CDU/CSU
Lars Klingbeil;Klingbeil;Lars;m;SPD
Julia Klöckner;Klöckner;Julia;f;CDU/CSU
Hans-Ulrich Klose;Klose;Hans-Ulrich;m;SPD
Astrid Klug;Klug;Astrid;f;SPD
Axel Knoerig;Knoerig;Axel;m;CDU/CSU
Lutz Knopek;Knopek;Lutz;m;FDP
Pascal Kober;Kober;Pascal;m;FDP
Harald Koch;Koch;Harald;m;DIE LINKE
Ute Koczy;Koczy;Ute;f;BÜNDNIS 90/DIE GRÜNEN
Tom Koenigs;Koenigs;Tom;m;BÜNDNIS 90/DIE GRÜNEN
Jens Koeppen;Koeppen;Jens;m;CDU/CSU
Bärbel Kofler;Kofler;Bärbel;f;SPD
Heinrich Leonhard Kolb;Kolb;Heinrich Leonhard;m;FDP
Daniela Kolbe;Kolbe;Daniela;f;SPD
Manfred Kolbe;Kolbe;Manfred;m;CDU/CSU
Hellmut Königshaus;Königshaus;Hellmut;m;FDP
Gudrun Kopp;Kopp;Gudrun;f;FDP
Jürgen Koppelin;Koppelin;Jürgen;m;FDP
Sebastian Körber;Körber;Sebastian;m;FDP
Fritz Rudolf Körper;Körper;Fritz Rudolf;m;SPD
Jan Korte;Korte;Jan;m;DIE LINKE
Rolf Koschorrek;Koschorrek;Rolf;m;CDU/CSU
Hartmut Koschyk;Koschyk;Hartmut;m;CDU/CSU
Thomas Kossendey;Kossendey;Thomas;m;CDU/CSU
Sylvia Kotting-Uhl;Kotting-Uhl;Sylvia;f;BÜNDNIS 90/DIE GRÜNEN
Anette Kramme;Kramme;Anette;f;SPD
Jutta Krellmann;Krellmann;Jutta;f;DIE LINKE
Nicolette Kressl;Kressl;Nicolette;f;SPD
Holger Krestel;Krestel;Holger;m;FDP
Michael Kretschmer;Kretschmer;Michael;m;CDU/CSU
Gunther Krichbaum;Krichbaum;Gunther;m;CDU/CSU
Günter Krings;Krings;Günter;m;CDU/CSU
Oliver Krischer;Krischer;Oliver;m;BÜNDNIS 90/DIE GRÜNEN
Martina Krogmann;Krogmann;Martina;f;CDU/CSU
Angelika Krüger-Leißner;Krüger-Leißner;Angelika;f;SPD
Agnes Krumwiede;Krumwiede;Agnes;f;BÜNDNIS 90/DIE GRÜNEN
Rüdiger Kruse;Kruse;Rüdiger;m;CDU/CSU
Bettina Kudla;Kudla;Bettina;f;CDU/CSU
Hermann Kues;Kues;Hermann;m;CDU/CSU
Fritz Kuhn;Kuhn;Fritz;m;BÜNDNIS 90/DIE GRÜNEN
Stephan Kühn;Kühn;Stephan;m;BÜNDNIS 90/DIE GRÜNEN
Ute Kumpf;Kumpf;Ute;f;SPD
Renate Künast;Künast;Renate;f;BÜNDNIS 90/DIE GRÜNEN
Katrin Kunert;Kunert;Katrin;f;DIE LINKE
Markus Kurth;Kurth;Markus;m;BÜNDNIS 90/DIE GRÜNEN
Patrick Kurth;Kurth;Patrick;m;FDP
Undine Kurth;Kurth;Undine;f;BÜNDNIS 90/DIE GRÜNEN
Günter Lach;Lach;Günter;m;CDU/CSU
Oskar Lafontaine;Lafontaine;Oskar;m;DIE LINKE
Christine Lambrecht;Lambrecht;Christine;f;SPD
Karl A. Lamers;Lamers;Karl A.;m;CDU/CSU
Andreas G. Lämmel;Lämmel;Andreas G.;m;CDU/CSU
Norbert Lammert;Lammert;Norbert;m;CDU/CSU
Katharina Landgraf;Landgraf;Katharina;f;CDU/CSU
Heinz Lanfermann;Lanfermann;Heinz;m;FDP
Christian Lange;Lange;Christian;m;SPD
Ulrich Lange;Lange;Ulrich;m;CDU/CSU
Sibylle Laurischk;Laurischk;Sibylle;f;FDP
Karl Lauterbach;Lauterbach;Karl;m;SPD
Caren Lay;Lay;Caren;f;DIE LINKE
Monika Lazar;Lazar;Monika;f;BÜNDNIS 90/DIE GRÜNEN
Max Lehmer;Lehmer;Max;m;CDU/CSU
Paul Lehrieder;Lehrieder;Paul;m;CDU/CSU
Harald Leibrecht;Leibrecht;Harald;m;FDP
Sabine Leidig;Leidig;Sabine;f;DIE LINKE
Steffen-Claudio Lemme;Lemme;Steffen-Claudio;m;SPD
Ralph Lenkert;Lenkert;Ralph;m;DIE LINKE
Michael Leutert;Leutert;Michael;m;DIE LINKE
Sabine Leutheusser-Schnarrenberger;Leutheusser-Schnarrenberger;Sabine;f;FDP
Ursula von der Leyen;von der Leyen;Ursula;f;CDU/CSU
Stefan Liebich;Liebich;Stefan;m;DIE LINKE
Ingbert Liebing;Liebing;Ingbert;m;CDU/CSU
Matthias Lietz;Lietz;Matthias;m;CDU/CSU
Lars Lindemann;Lindemann;Lars;m;FDP
Christian Lindner;Lindner;Christian;m;FDP
Martin Lindner;Lindner;Martin;m;FDP
Tobias Lindner;Lindner;Tobias;m;BÜNDNIS 90/DIE GRÜNEN
Michael Link;Link;Michael;m;FDP
Carsten Linnemann;Linnemann;Carsten;m;CDU/CSU
Patricia Lips;Lips;Patricia;f;CDU/CSU
Burkhard Lischka;Lischka;Burkhard;m;SPD
Gabriele Lösekrug-Möller;Lösekrug-Möller;Gabriele;f;SPD
Erwin Lotter;Lotter;Erwin;m;FDP
Ulla Lötzer;Lötzer;Ulla;f;DIE LINKE
Gesine Lötzsch;Lötzsch;Gesine;f;DIE LINKE
Jan-Marco Luczak;Luczak;Jan-Marco;m;CDU/CSU
Daniela Ludwig;Ludwig;Daniela;f;CDU/CSU
Kirsten Lühmann;Lühmann;Kirsten;f;SPD
Oliver Luksic;Luksic;Oliver;m;FDP
Michael Luther;Luther;Michael;m;CDU/CSU
Thomas Lutze;Lutze;Thomas;m;DIE LINKE
Karin Maag;Maag;Karin;f;CDU/CSU
Nicole Maisch;Maisch;Nicole;f;BÜNDNIS 90/DIE GRÜNEN
Thomas de Maizière;de Maizière;Thomas;m;CDU/CSU
Caren Marks;Marks;Caren;f;SPD
Hans-Georg von der Marwitz;von der Marwitz;Hans-Georg;m;CDU/CSU
Katja Mast;Mast;Katja;f;SPD
Andreas Mattfeldt;Mattfeldt;Andreas;m;CDU/CSU
Hilde Mattheis;Mattheis;Hilde;f;SPD
Ulrich Maurer;Maurer;Ulrich;m;DIE LINKE
Stephan Mayer;Mayer;Stephan;m;CDU/CSU
Horst Meierhofer;Meierhofer;Horst;m;FDP
Patrick Meinhardt;Meinhardt;Patrick;m;FDP
Michael Meister;Meister;Michael;m;CDU/CSU
Dorothée Menzner;Menzner;Dorothée;f;DIE LINKE
Angela Merkel;Merkel;Angela;f;CDU/CSU
Petra Merkel;Merkel;Petra;f;SPD
Ullrich Meßmer;Meßmer;Ullrich;m;SPD
Maria Michalk;Michalk;Maria;f;CDU/CSU
Hans Michelbach;Michelbach;Hans;m;CDU/CSU
Mathias Middelberg;Middelberg;Mathias;m;CDU/CSU
Matthias Miersch;Miersch;Matthias;m;SPD
Philipp Mißfelder;Mißfelder;Philipp;m;CDU/CSU
Cornelia Möhring;Möhring;Cornelia;f;DIE LINKE
Gabriele Molitor;Molitor;Gabriele;f;FDP
Kornelia Möller;Möller;Kornelia;f;DIE LINKE
Dietrich Monstadt;Monstadt;Dietrich;f;CDU/CSU
Jerzy Montag;Montag;Jerzy;m;BÜNDNIS 90/DIE GRÜNEN
Marlene Mortler;Mortler;Marlene;f;CDU/CSU
Niema Movassat;Movassat;Niema;m;DIE LINKE
Jan Mücke;Mücke;Jan;m;FDP
Gerd Müller;Müller;Gerd;m;CDU/CSU
Kerstin Müller;Müller;Kerstin;f;BÜNDNIS 90/DIE GRÜNEN
Petra Müller;Müller;Petra;f;FDP
Stefan Müller;Müller;Stefan;m;CDU/CSU
Beate Müller-Gemmeke;Müller-Gemmeke;Beate;f;BÜNDNIS 90/DIE GRÜNEN
Burkhardt Müller-Sönksen;Müller-Sönksen;Burkhardt;m;FDP
Franz Müntefering;Müntefering;Franz;m;SPD
Philipp Murmann;Murmann;Philipp;m;CDU/CSU
Rolf Mützenich;Mützenich;Rolf;m;SPD
Andrea Nahles;Nahles;Andrea;f;SPD
Ingrid Nestle;Nestle;Ingrid;f;BÜNDNIS 90/DIE GRÜNEN
Bernd Neumann;Neumann;Bernd;m;CDU/CSU
Martin Neumann;Neumann;Martin;m;FDP
Wolfgang Nešković;Nešković;Wolfgang;m;fraktionslos
Dirk Niebel;Niebel;Dirk;m;FDP
Dietmar Nietan;Nietan;Dietmar;m;SPD
Manfred Nink;Nink;Manfred;m;SPD
Michaela Noll;Noll;Michaela;f;CDU/CSU
Thomas Nord;Nord;Thomas;m;DIE LINKE
Konstantin von Notz;von Notz;Konstantin;m;BÜNDNIS 90/DIE GRÜNEN
Omid Nouripour;Nouripour;Omid;m;BÜNDNIS 90/DIE GRÜNEN
Georg Nüßlein;Nüßlein;Georg;m;CDU/CSU
Franz Obermeier;Obermeier;Franz;m;CDU/CSU
Thomas Oppermann;Oppermann;Thomas;m;SPD
Holger Ortel;Ortel;Holger;m;SPD
Friedrich Ostendorff;Ostendorff;Friedrich;m;BÜNDNIS 90/DIE GRÜNEN
Eduard Oswald;Oswald;Eduard;m;CDU/CSU
Hermann E. Ott;Ott;Hermann E.;m;BÜNDNIS 90/DIE GRÜNEN
Henning Otte;Otte;Henning;m;CDU/CSU
Hans-Joachim Otto;Otto;Hans-Joachim;m;FDP
Aydan Özoğuz;Özoğuz;Aydan;f;SPD
Petra Pau;Pau;Petra;f;DIE LINKE
Michael Paul;Paul;Michael;m;CDU/CSU
Heinz Paula;Paula;Heinz;m;SPD
Lisa Paus;Paus;Lisa;f;BÜNDNIS 90/DIE GRÜNEN
Rita Pawelski;Pawelski;Rita;f;CDU/CSU
Jens Petermann;Petermann;Jens;m;DIE LINKE
Ulrich Petzold;Petzold;Ulrich;m;CDU/CSU
Joachim Pfeiffer;Pfeiffer;Joachim;m;CDU/CSU
Sibylle Pfeiffer;Pfeiffer;Sibylle;f;CDU/CSU
Johannes Pflug;Pflug;Johannes;m;SPD
Beatrix Philipp;Philipp;Beatrix;f;CDU/CSU
Cornelia Pieper;Pieper;Cornelia;f;FDP
Gisela Piltz;Piltz;Gisela;f;FDP
Richard Pitterle;Pitterle;Richard;m;DIE LINKE
Yvonne Ploetz;Ploetz;Yvonne;f;DIE LINKE
Ronald Pofalla;Pofalla;Ronald;m;CDU/CSU
Christoph Poland;Poland;Christoph;m;CDU/CSU
Ruprecht Polenz;Polenz;Ruprecht;m;CDU/CSU
Jörg von Polheim;von Polheim;Jörg;m;FDP
Eckhard Pols;Pols;Eckhard;m;CDU/CSU
Joachim Poß;Poß;Joachim;m;SPD
Brigitte Pothmer;Pothmer;Brigitte;f;BÜNDNIS 90/DIE GRÜNEN
Wilhelm Priesmeier;Priesmeier;Wilhelm;m;SPD
Florian Pronold;Pronold;Florian;m;SPD
Lucia Puttrich;Puttrich;Lucia;f;CDU/CSU
Sascha Raabe;Raabe;Sascha;m;SPD
Thomas Rachel;Rachel;Thomas;m;CDU/CSU
Peter Ramsauer;Ramsauer;Peter;m;CDU/CSU
Christiane Ratjen-Damerau;Ratjen-Damerau;Christiane;f;FDP
Mechthild Rawert;Rawert;Mechthild;f;SPD
Stefan Rebmann;Rebmann;Stefan;m;SPD
Eckhardt Rehberg;Rehberg;Eckhardt;m;CDU/CSU
Katherina Reiche;Reiche;Katherina;f;CDU/CSU
Gerold Reichenbach;Reichenbach;Gerold;m;SPD
Carola Reimann;Reimann;Carola;f;SPD
Birgit Reinemund;Reinemund;Birgit;f;FDP
Hagen Reinhold;Reinhold;Hagen;m;FDP
Ingrid Lieselotte Remmers;Remmers;Ingrid Lieselotte;f;DIE LINKE
Lothar Riebsamen;Riebsamen;Lothar;m;CDU/CSU
Josef Rief;Rief;Josef;m;CDU/CSU
Klaus Riegert;Riegert;Klaus;m;CDU/CSU
Heinz Riesenhuber;Riesenhuber;Heinz;m;CDU/CSU
Sönke Rix;Rix;Sönke;m;SPD
Peter Röhlinger;Röhlinger;Peter;m;FDP
Johannes Röring;Röring;Johannes;m;CDU/CSU
René Röspel;Röspel;René;m;SPD
Ernst Dieter Rossmann;Rossmann;Ernst Dieter;m;SPD
Tabea Rößner;Rößner;Tabea;f;BÜNDNIS 90/DIE GRÜNEN
Claudia Roth;Roth;Claudia;f;BÜNDNIS 90/DIE GRÜNEN
Karin Roth;Roth;Karin;f;SPD
Michael Roth;Roth;Michael;m;SPD
Norbert Röttgen;Röttgen;Norbert;m;CDU/CSU
Christian Ruck;Ruck;Christian;m;CDU/CSU
Erwin Rüddel;Rüddel;Erwin;m;CDU/CSU
Stefan Ruppert;Ruppert;Stefan;m;FDP
Albert Rupprecht;Rupprecht;Albert;m;CDU/CSU
Marlene Rupprecht;Rupprecht;Marlene;f;SPD
Krista Sager;Sager;Krista;f;BÜNDNIS 90/DIE GRÜNEN
Björn Sänger;Sänger;Björn;m;FDP
Manuel Sarrazin;Sarrazin;Manuel;m;BÜNDNIS 90/DIE GRÜNEN
Annette Sawade;Sawade;Annette;f;SPD
Anton Schaaf;Schaaf;Anton;m;SPD
Anita Schäfer;Schäfer;Anita;f;CDU/CSU
Axel Schäfer;Schäfer;Axel;m;SPD
Paul Schäfer;Schäfer;Paul;m;DIE LINKE
Frank Schäffler;Schäffler;Frank;m;FDP
Elisabeth Scharfenberg;Scharfenberg;Elisabeth;f;BÜNDNIS 90/DIE GRÜNEN
Wolfgang Schäuble;Schäuble;Wolfgang;m;CDU/CSU
Annette Schavan;Schavan;Annette;f;CDU/CSU
Christine Scheel;Scheel;Christine;f;BÜNDNIS 90/DIE GRÜNEN
Bernd Scheelen;Scheelen;Bernd;m;SPD
Hermann Scheer;Scheer;Hermann;m;SPD
Andreas Scheuer;Scheuer;Andreas;m;CDU/CSU
Gerhard Schick;Schick;Gerhard;m;BÜNDNIS 90/DIE GRÜNEN
Marianne Schieder;Schieder;Marianne;f;SPD
Werner Schieder;Schieder;Werner;m;SPD
Karl Schiewerling;Schiewerling;Karl;m;CDU/CSU
Norbert Schindler;Schindler;Norbert;m;CDU/CSU
Tankred Schipanski;Schipanski;Tankred;m;CDU/CSU
Georg Schirmbeck;Schirmbeck;Georg;m;CDU/CSU
Michael Schlecht;Schlecht;Michael;m;DIE LINKE
Christian Schmidt;Schmidt;Christian;m;CDU/CSU
Frithjof Schmidt;Schmidt;Frithjof;m;BÜNDNIS 90/DIE GRÜNEN
Silvia Schmidt;Schmidt;Silvia;f;SPD
Ulla Schmidt;Schmidt;Ulla;f;SPD
Carsten Schneider;Schneider;Carsten;m;SPD
Ulrich Schneider;Schneider;Ulrich;m;BÜNDNIS 90/DIE GRÜNEN
Patrick Schnieder;Schnieder;Patrick;m;CDU/CSU
Christoph Schnurr;Schnurr;Christoph;m;FDP
Andreas Schockenhoff;Schockenhoff;Andreas;m;CDU/CSU
Olaf Scholz;Scholz;Olaf;m;SPD
Nadine Schön;Schön;Nadine;f;CDU/CSU
Ottmar Schreiner;Schreiner;Ottmar;m;SPD
Kristina Schröder;Schröder;Kristina;f;CDU/CSU
Ole Schröder;Schröder;Ole;m;CDU/CSU
Herbert Schui;Schui;Herbert;m;DIE LINKE
Bernhard Schulte-Drüggelte;Schulte-Drüggelte;Bernhard;m;CDU/CSU
Jimmy Schulz;Schulz;Jimmy;m;FDP
Swen Schulz;Schulz;Swen;m;SPD
Uwe Schummer;Schummer;Uwe;m;CDU/CSU
Ewald Schurer;Schurer;Ewald;m;SPD
Armin Schuster;Schuster;Armin;m;CDU/CSU
Marina Schuster;Schuster;Marina;f;FDP
Frank Schwabe;Schwabe;Frank;m;SPD
Angelica Schwall-Düren;Schwall-Düren;Angelica;f;SPD
Martin Schwanholz;Schwanholz;Martin;m;SPD
Rolf Schwanitz;Schwanitz;Rolf;m;SPD
Stefan Schwartze;Schwartze;Stefan;m;SPD
Rita Schwarzelühr-Sutter;Schwarzelühr-Sutter;Rita;f;SPD
Erik Schweickert;Schweickert;Erik;m;FDP
Detlef Seif;Seif;Detlef;m;CDU/CSU
Ilja Seifert;Seifert;Ilja;m;DIE LINKE
Till Seiler;Seiler;Till;m;BÜNDNIS 90/DIE GRÜNEN
Johannes Selle;Selle;Johannes;m;CDU/CSU
Reinhold Sendker;Sendker;Reinhold;m;CDU/CSU
Kathrin Senger-Schäfer;Senger-Schäfer;Kathrin;f;DIE LINKE
Patrick Sensburg;Sensburg;Patrick;m;CDU/CSU
Raju Sharma;Sharma;Raju;m;DIE LINKE
Bernd Siebert;Siebert;Bernd;m;CDU/CSU
Carsten Sieling;Sieling;Carsten;m;SPD
Thomas Silberhorn;Silberhorn;Thomas;m;CDU/CSU
Werner Simmling;Simmling;Werner;m;FDP
Johannes Singhammer;Singhammer;Johannes;m;CDU/CSU
Petra Sitte;Sitte;Petra;f;DIE LINKE
Judith Skudelny;Skudelny;Judith;f;FDP
Hermann Otto Solms;Solms;Hermann Otto;m;FDP
Jens Spahn;Spahn;Jens;m;CDU/CSU
Joachim Spatz;Spatz;Joachim;m;FDP
Max Stadler;Stadler;Max;m;FDP
Torsten Staffeldt;Staffeldt;Torsten;m;FDP
Carola Stauche;Stauche;Carola;f;CDU/CSU
Frank Steffel;Steffel;Frank;m;CDU/CSU
Sonja Amalie Steffen;Steffen;Sonja Amalie;f;SPD
Erika Steinbach;Steinbach;Erika;f;CDU/CSU
Peer Steinbrück;Steinbrück;Peer;m;SPD
Dorothea Steiner;Steiner;Dorothea;f;BÜNDNIS 90/DIE GRÜNEN
Kersten Steinke;Steinke;Kersten;f;DIE LINKE
Frank-Walter Steinmeier;Steinmeier;Frank-Walter;m;SPD
Christian Freiherr von Stetten;Freiherr von Stetten;Christian;m;CDU/CSU
Dieter Stier;Stier;Dieter;m;CDU/CSU
Rainer Stinner;Stinner;Rainer;m;FDP
Gero Storjohann;Storjohann;Gero;m;CDU/CSU
Stephan Stracke;Stracke;Stephan;m;CDU/CSU
Christoph Strässer;Strässer;Christoph;m;SPD
Max Straubinger;Straubinger;Max;m;CDU/CSU
Wolfgang Strengmann-Kuhn;Strengmann-Kuhn;Wolfgang;m;BÜNDNIS 90/DIE GRÜNEN
Karin Strenz;Strenz;Karin;f;CDU/CSU
Hans-Christian Ströbele;Ströbele;Hans-Christian;m;BÜNDNIS 90/DIE GRÜNEN
Thomas Strobl;Strobl;Thomas;m;CDU/CSU
Lena Strothmann;Strothmann;Lena;f;CDU/CSU
Sabine Ursula Stüber;Stüber;Sabine Ursula;f;DIE LINKE
Michael Stübgen;Stübgen;Michael;m;CDU/CSU
Alexander Süßmair;Süßmair;Alexander;m;DIE LINKE
Kerstin Tack;Tack;Kerstin;f;SPD
Kirsten Tackmann;Tackmann;Kirsten;f;DIE LINKE
Peter Tauber;Tauber;Peter;m;CDU/CSU
Frank Tempel;Tempel;Frank;m;DIE LINKE
Harald Terpe;Terpe;Harald;m;BÜNDNIS 90/DIE GRÜNEN
Carl-Ludwig Thiele;Thiele;Carl-Ludwig;m;FDP
Wolfgang Thierse;Thierse;Wolfgang;m;SPD
Stephan Thomae;Thomae;Stephan;m;FDP
Franz Thönnes;Thönnes;Franz;m;SPD
Wolfgang Tiefensee;Tiefensee;Wolfgang;m;SPD
Antje Tillmann;Tillmann;Antje;f;CDU/CSU
Manfred Todtenhausen;Todtenhausen;Manfred;m;FDP
Florian Toncar;Toncar;Florian;m;FDP
Serkan Tören;Tören;Serkan;m;FDP
Markus Tressel;Tressel;Markus;m;BÜNDNIS 90/DIE GRÜNEN
Jürgen Trittin;Trittin;Jürgen;m;BÜNDNIS 90/DIE GRÜNEN
Axel Troost;Troost;Axel;m;DIE LINKE
Hans-Peter Uhl;Uhl;Hans-Peter;m;CDU/CSU
Alexander Ulrich;Ulrich;Alexander;m;DIE LINKE
Arnold Vaatz;Vaatz;Arnold;m;CDU/CSU
Rüdiger Veit;Veit;Rüdiger;m;SPD
Johannes Vogel;Vogel;Johannes;m;FDP
Volkmar Vogel;Vogel;Volkmar;m;CDU/CSU
Stefanie Vogelsang;Vogelsang;Stefanie;f;CDU/CSU
Kathrin Vogler;Vogler;Kathrin;f;DIE LINKE
Ute Vogt;Vogt;Ute;f;SPD
Daniel Volk;Volk;Daniel;m;FDP
Marlies Volkmer;Volkmer;Marlies;f;SPD
Johanna Voß;Voß;Johanna;f;DIE LINKE
Andrea Astrid Voßhoff;Voßhoff;Andrea Astrid;f;CDU/CSU
Johann Wadephul;Wadephul;Johann;m;CDU/CSU
Sahra Wagenknecht;Wagenknecht;Sahra;f;DIE LINKE
Arfst Wagner;Wagner;Arfst;m;BÜNDNIS 90/DIE GRÜNEN
Daniela Wagner;Wagner;Daniela;f;BÜNDNIS 90/DIE GRÜNEN
Beate Walter-Rosenheimer;Walter-Rosenheimer;Beate;f;BÜNDNIS 90/DIE GRÜNEN
Marco Wanderwitz;Wanderwitz;Marco;m;CDU/CSU
Halina Wawzyniak;Wawzyniak;Halina;f;DIE LINKE
Kai Wegner;Wegner;Kai;m;CDU/CSU
Harald Weinberg;Weinberg;Harald;m;DIE LINKE
Marcus Weinberg;Weinberg;Marcus;m;CDU/CSU
Peter Weiß;Weiß;Peter;m;CDU/CSU
Sabine Weiss;Weiss;Sabine;f;CDU/CSU
Ingo Wellenreuther;Wellenreuther;Ingo;m;CDU/CSU
Karl-Georg Wellmann;Wellmann;Karl-Georg;m;CDU/CSU
Katrin Werner;Werner;Katrin;f;DIE LINKE
Guido Westerwelle;Westerwelle;Guido;m;FDP
Heinz Peter Wichtel;Wichtel;Heinz Peter;m;CDU/CSU
Andrea Wicklein;Wicklein;Andrea;f;SPD
Annette Widmann-Mauz;Widmann-Mauz;Annette;f;CDU/CSU
Heidemarie Wieczorek-Zeul;Wieczorek-Zeul;Heidemarie;f;SPD
Dieter Wiefelspütz;Wiefelspütz;Dieter;m;SPD
Wolfgang Wieland;Wieland;Wolfgang;m;BÜNDNIS 90/DIE GRÜNEN
Klaus-Peter Willsch;Willsch;Klaus-Peter;m;CDU/CSU
Valerie Wilms;Wilms;Valerie;f;BÜNDNIS 90/DIE GRÜNEN
Elisabeth Winkelmeier-Becker;Winkelmeier-Becker;Elisabeth;f;CDU/CSU
Josef Philip Winkler;Winkler;Josef Philip;m;BÜNDNIS 90/DIE GRÜNEN
Claudia Winterstein;Winterstein;Claudia;f;FDP
Volker Wissing;Wissing;Volker;m;FDP
Dagmar G. Wöhrl;Wöhrl;Dagmar G.;f;CDU/CSU
Hartfrid Wolff;Wolff;Hartfrid;m;FDP
Waltraud Wolff;Wolff;Waltraud;f;SPD
Jörn Wunderlich;Wunderlich;Jörn;m;DIE LINKE
Uta Zapf;Zapf;Uta;f;SPD
Dagmar Ziegler;Ziegler;Dagmar;f;SPD
Matthias Zimmer;Zimmer;Matthias;m;CDU/CSU
Sabine Zimmermann;Zimmermann;Sabine;f;DIE LINKE
Wolfgang Zöller;Zöller;Wolfgang;m;CDU/CSU
Manfred Helmut Zöllmer;Zöllmer;Manfred Helmut;m;SPD
Willi Zylajew;Zylajew;Willi;m;CDU/CSU
Brigitte Zypries;Zypries;Brigitte;f;SPD
